{"cameraMode":{"drawMode":0,"name":"Shaded","section":"Shading Mode"},"sceneLighting":false,"audioPlay":false,"sceneViewState":{"showFog":true,"showMaterialUpdate":false,"showSkybox":true,"showFlares":true,"showImageEffects":true,"showParticleSystems":true},"in2DMode":false,"pivot":{"x":-3.02435302734375,"y":10.990288734436036,"z":28.085086822509767},"rotation":{"x":-0.11051073670387268,"y":0.10178148746490479,"z":-0.011377552524209023,"w":-0.9885841012001038},"size":249.67906188964845,"orthographic":false}