{"cameraMode":{"drawMode":0,"name":"Shaded","section":"Shading Mode"},"sceneLighting":true,"audioPlay":false,"sceneViewState":{"showFog":true,"showMaterialUpdate":true,"showSkybox":true,"showFlares":true,"showImageEffects":true,"showParticleSystems":true},"in2DMode":false,"pivot":{"x":7.410049915313721,"y":-84.94132232666016,"z":254.3268585205078},"rotation":{"x":-0.16311220824718476,"y":-0.013890902511775494,"z":0.0022983690723776819,"w":-0.9865070581436157},"size":271.97418212890627,"orthographic":false}