{"cameraMode":{"drawMode":0,"name":"Shaded","section":"Shading Mode"},"sceneLighting":false,"audioPlay":false,"sceneViewState":{"showFog":true,"showMaterialUpdate":false,"showSkybox":true,"showFlares":true,"showImageEffects":true,"showParticleSystems":true},"in2DMode":false,"pivot":{"x":-3.602348566055298,"y":-2.4841675758361818,"z":9.178986549377442},"rotation":{"x":-0.1857600212097168,"y":0.25946277379989626,"z":-0.05092955380678177,"w":-0.9463501572608948},"size":20.59865951538086,"orthographic":false}