{"cameraMode":{"drawMode":0,"name":"Shaded","section":"Shading Mode"},"sceneLighting":false,"audioPlay":false,"sceneViewState":{"showFog":true,"showMaterialUpdate":true,"showSkybox":true,"showFlares":true,"showImageEffects":true,"showParticleSystems":true},"in2DMode":false,"pivot":{"x":3.81963849067688,"y":4.783612251281738,"z":10.727615356445313},"rotation":{"x":0.10158655047416687,"y":0.10573522001504898,"z":-0.010860679671168328,"w":0.9891321063041687},"size":7.851382255554199,"orthographic":false}