{"cameraMode":{"drawMode":0,"name":"Shaded","section":"Shading Mode"},"sceneLighting":false,"audioPlay":false,"sceneViewState":{"showFog":true,"showMaterialUpdate":true,"showSkybox":true,"showFlares":true,"showImageEffects":true,"showParticleSystems":true},"in2DMode":false,"pivot":{"x":-0.0372157096862793,"y":0.3885166645050049,"z":-0.037844061851501468},"rotation":{"x":0.19556079804897309,"y":0.014696716330945492,"z":-0.0029331755358725788,"w":0.9805771112442017},"size":3.4804840087890627,"orthographic":false}